<?xml version="1.0" encoding="UTF-8"?>
<TEI xmlns="http://www.tei-c.org/ns/1.0">
    <teiHeader>
        <fileDesc>
            <titleStmt>
                <title>Letter from B. Silliman</title>
                <respStmt>
                    <resp>Encoded by</resp>
                    <name>Greg Reeve</name>
                </respStmt>
                <sponsor>Amherst College</sponsor>
            </titleStmt>
            <publicationStmt>
                <p>Unpublished letter</p>
            </publicationStmt>
            <sourceDesc>
                <p>Edward and Orra White Hitchock Papers at Amherst College</p>
            </sourceDesc>
        </fileDesc>
  </teiHeader>
    <text>
        <body>
            <div type="letter">
                <pb n="1" />
                <opener>
                    <dateline>
                        <date>NH. May 5 1823</date>
                    </dateline>
                    <salute>Dear sir,</salute>
                </opener>
<p>You will be disappointed in not seeing the whole of your essay in
No. 14. I found it would occupy nearly half the no. There was much &amp;
various matter as you will see &amp; I could not otherwise satisfy my
correspondents. Your essay also divided very conveniently at the <quote>"Scenery"</quote>
which will appear in the next no. &amp; there will then be room for addenda
should you have any. Under these circumstances I suppose you will not
care to have your 60 copies forwarded but would wish them reserved till
midsummer when on the completion of the essay I will forward the whole at
once.</p>
<p>I return the catalogue agreeable to your request &amp; of course leave
any future disposition to your better judgment. I will insert it if
returned altho - possibly, from the impatience which is manifested on the
subject of botanical catalogues, it may perhaps be expedient to divide it
between two nos. As to the cryptogamic plants, I am disposed to think it
would be best to make that a separate paper. <persName>Dr. Ives</persName> thinks it would
have been best that your botanical notices should have been separated
from the Geological paper.</p>
<p>As to the case of conscience: I am sorry to say that I have no
doubt as to what you must do, although the world ought to be more just
than to say any <pb n="2" />thing as to the accidental association of names. But
still I think the impression on religious people would not be agreeable &amp;
those of a different character might sneer. Cannot you publish the thing
anonymously? You would then have much of the same credit as now, without
any danger of odium.</p>
<p>Cannot you write a review or at least something of an intended
notice of <persName>Conybeare</persName> &amp; <persName>Philips</persName> for the Journal? My health is so
fluctuating that it is very doubtful whether I can do any thing of the
kind or rather it is certain I cannot. Should you be willing to do it I
will send you some abstract of letters from <persName>M. Maclure</persName> on the subject of
the book.</p>
<p>I think it would be rather hazardous to write any thing on the
subject of the connexion of the Mosaic chronology &amp; geology in the
Spectator, because the readers of that work (even clergymen) would not
understand you at all, &amp; cannot be at all judges of the matter. Even Prof.
---- [sic] observed lately, in a sermon professedly on the subject, that
he did not understand its simplest elements &amp; was willing rather to
suppose - fish - fowl - beast - &amp; shell created just as we find them in
the various formations, rather than depart from the puerile &amp; vulgar
apprehension of five days of 24 hours. Sooner or later, there must be a
full discussion of the subject, but mere theologians &amp; philologists are
entirely unqualified either to discuss <pb n="3" />the subject or to understand the
discussion.</p>
<p>I cannot say any thing of <placeName>Nantucket</placeName> &amp; <placeName>Marthas Vineyard</placeName>. If you go
there the best way would be to visit <placeName>Boston</placeName> first where <persName>Judge Davis</persName> or <persName>Dr.
Webster</persName> or their friends could tell you all about that region.
I admire your hammer very much &amp; if you do not send me something
more perfect it is very possible I may notice this in the next no. of the
Journal..</p>
<p>Our riot was a small affair &amp; completely put down at once both by
the College &amp; civil authority. The stories were very much exaggerated.
I hope you will come this way this season altho not this month as I
must be off somewhere for health as I have been very good for nothing
this spring.</p>
<p>The Journal will appear in a very few days. You will observe that I
have succeeded in melting not only charcoal but plumbago &amp; anthracite so
that the diamond is now the only unmelted body &amp; this I do not despair of
as I think I have softened it.</p>
<closer><salute>I remain dear sir with great regard, truly your friend &amp; servant,</salute>
<signed>B Silliman</signed>
                </closer>
            </div>
        </body>
    </text>
</TEI>