<?xml version="1.0" encoding="utf-8"?>
<?xml-stylesheet type="text/xsl" href="http://nwda-db.wsulibs.wsu.edu/xsl/project.xsl"?>
<!DOCTYPE ead PUBLIC "+//ISBN 1-931666-00-8//DTD ead.dtd (Encoded Archival Description (EAD) Version 2002)//EN" "ead.dtd">
<ead> 
  <eadheader langencoding="iso639-2b"
	scriptencoding="iso15924" relatedencoding="dc" repositoryencoding="iso15511"
	countryencoding="iso3166-1" dateencoding="iso8601" id="a0"> 
	 <eadid countrycode="us" encodinganalog="identifier">smoot.xml</eadid> 
	 <filedesc> 
		<titlestmt> 
			<titleproper encodinganalog="title">Guide to the Finding Aid for the James Smoot Coleman Papers
				<date encodinganalog="date">1946-1987, bulk, 1964-1987</date></titleproper>
		  
			<titleproper type="filing" altrender="nodisplay">James Smoot Coleman Papers</titleproper>
		  
			<author encodinganalog="creator">Processed by Florence Akinyemi, with assistance from Elizabeth Sheehan; machine-readable finding aid created by Caroline CubÈ.</author>
		</titlestmt> 
		<publicationstmt> 
			<publisher encodinganalog="publisher">UCLA Library, Department of Special Collections
			 <extptr actuate="onload" show="embed" role="image/jpeg"/></publisher>
		  <date encodinganalog="date">© 2008</date> 
		  <address> 
			 <addressline>UCLA Library, Department of Special Collections</addressline>
			 <addressline>Manuscripts Division</addressline>
		  	 <addressline>Room A1713, Charles E. Young Research Library</addressline>
		  	 <addressline>Box 951575</addressline>
		  	 <addressline>Los Angeles, CA 90095-1575</addressline>
		  	 <addressline>Email: spec-coll@library.ucla.edu</addressline>
		  	 <addressline>URL: http://www.library.ucla.edu/libraries/special/scweb/</addressline>
		  </address> 
			<p><date calendar="gregorian" era="ce">&#x00A9; 2008</date> The Regents of the University of
				California. All rights reserved.</p>
		</publicationstmt> 
	 </filedesc> 
	 <profiledesc> 
	 	<creation>Finding aid encoded by Caroline CubÈ
			<date>2008</date></creation>
		<langusage>Finding aid written in 
		  <language langcode="eng" encodinganalog="language"
		  scriptcode="latn">English</language>.</langusage> <descrules>Finding aid based
		on DACS ( 
		<title render="italic">Describing Archives: A Content
		  Standard</title>).</descrules> 
	 </profiledesc> 
  </eadheader> 
  <archdesc level="collection" type="inventory" relatedencoding="marc21"> 
	 <did id="a1"> 
		<repository> 
			<corpname encodinganalog="852$a">University of California, Los Angeles. <subarea encodinganalog="852$b">Library. Department of Special Collections.</subarea></corpname>
		  <address> 
			 <addressline>UCLA Library, Department of Special Collections</addressline>
			 <addressline>Manuscripts Division</addressline>
		  	 <addressline>Room A1713, Charles E. Young Research Library</addressline>
		  	 <addressline>Box 951575</addressline>
		  	 <addressline>Los Angeles, CA 90095-1575</addressline>
		  	 <addressline>Email: spec-coll@library.ucla.edu</addressline>
		  	 <addressline>URL: http://www.library.ucla.edu/libraries/special/scweb/</addressline>
		  </address> </repository> 
		<unitid encodinganalog="099" countrycode="us">383</unitid>
		
		<origination> 
			<persname encodinganalog="100" role="creator">Coleman, James Smoot</persname> </origination> 
	 	<unittitle encodinganalog="245$a">James Smoot Coleman Papers</unittitle>
		
	 	<unitdate type="inclusive" encodinganalog="245$f">1946-1987, bulk, 1964-1987</unitdate>
		
	 	<physdesc> <extent encodinganalog="300$a">10.5 linear ft.</extent>
		  <extent encodinganalog="300$a">21 boxes</extent>
		</physdesc>
	 	<abstract encodinganalog="5203_">Collection documents the activities of James Smoot Coleman, teacher and scholar, whose academic career spanned from 1953 to 1985. The materials primarily document his professional involvement with the Rockefeller Foundation, but also include a small amount of documentation on his teaching activities. The bulk of the collection consists of reports and reviews of the work of the Foundation, but also some of Dr. Coleman's writings and his teaching material.</abstract> 
	 	<physloc>Stored off-site at SRLF. Advance notice is required for access to the collection. Please contact the UCLA Library, Department of Special Collections Reference Desk for paging information.</physloc> 
		<langmaterial><language encodinganalog="546">English</language></langmaterial>
	 </did>
	 <bioghist encodinganalog="545" id="a2">
	 	<head>Biography</head>
	 	<p>James Smoot Coleman was born in Provo, Utah on February 4, 1919. He earned his bachelor's degree at Brigham Young University, his M.A. and Ph.D. at Harvard, and joined the UCLA faculty as an instructor in 1953. He died from a heart attack on April 20, 1985, at age 66.</p>
	 	<p>Professor Coleman was among the first American scholars to recognize, understand, and give voice to the significance of the African perspective. His scholarly works include pioneering work on nationalism, education and development theory. He also wrote on the topics academic freedom and political economy. His books, "Nigeria: Background to Nationalism" and "Education and Political Development," are classics in the field.</p>
	 		<p>Professor Coleman's academic career was prolific. After teaching at UCLA for 11 years, Dr. Coleman left the university in 1965 to become Head of the Department of Political Science and Public Administration at Makerere University College at the University of East Africa in Uganda. In 1967 he was named Director for the Institute for Development Studies at the University of Nairobi. During that time he served as an associate director of the Rockefeller Foundation and as its representative in East Africa and Zaire. He returned to UCLA in 1978 as Professor of Political Science and Chair of the Council on International and Comparative Studies. He was named Director of International Studies and Overseas Programs in 1984.</p>
	 	<p>In 1985, the African Studies Center at UCLA was named in honor of its founder, Professor James S. Coleman, whose pioneering scholarship marks him as one of the architects of African Area Studies throughout the world. Today, the James S. Coleman African Studies Center is considered one of the top centers of its kind in the United States.</p>
		
	 </bioghist> 
	 <scopecontent encodinganalog="5202_" id="a3"> 
	 	<p>Collection documents the activities of James Smoot Coleman, teacher and scholar, whose academic career spanned from 1953 to 1985. The materials primarily document his professional involvement with the Rockefeller Foundation, but also include a small amount of documentation on his teaching activities. The bulk of the collection consists of reports and reviews of the work of the Foundation, but also some of Dr. Coleman's writings and his teaching material.</p> 
	 </scopecontent> 
	 <arrangement encodinganalog="351" id="a4"> 
	 	<head>Organization and Arrangement</head>
	 	<p>Arranged in the following series:<list type="ordered" numeration="arabic">
	 		<item>Rockefeller Foundation, 1946-1984. 4 linear feet</item>
	 		<item>University for Development / Education for Development, 1963-1984. 5.5 lf.</item>
	 		<item>Teaching and Writing Activities, 1963-1987. 1 lf.</item>
	 	</list></p> 
	 </arrangement> 
	 <accessrestrict encodinganalog="506" id="a14"> 
	 	<p>COLLECTION STORED OFF-SITE AT SRLF: Open for research. Advance notice required for access. Contact the UCLA Library, Department of Special Collections Reference Desk for paging information.</p>
		
	 </accessrestrict> 
	 <userestrict encodinganalog="540" id="a15"> 
	 	<p>Property rights to the physical object belong to the UCLA Library, Department of Special Collections. Literary rights, including copyright, are retained by the creators and their heirs. It is the responsibility of the researcher to determine who holds the copyright and pursue the copyright owner or his or her heir for permission to publish where The UC Regents do not hold the copyright.</p>
		
	 </userestrict> 
	 <prefercite encodinganalog="524" id="a18"> 
	 	<p>[Identification of item], James Smoot Coleman Papers (Collection Number 383). Department of Special Collections, Charles E. Young Research Library, UCLA.</p> 
	 </prefercite> 
	 <controlaccess id="a12"> 
	 	<head>Indexing Terms</head>
	 	<p>The following terms have been used to index the description of this collection in the library's online public access catalog.</p> 
		<controlaccess> 
			<persname encodinganalog="600" role="subject">Coleman, James Smoot--Archives</persname>
		</controlaccess> 
		<controlaccess> 
		  <famname role="subject" encodinganalog="600">Coleman</famname>
		</controlaccess> 
		<controlaccess> 
			<subject encodinganalog="650">Africanists--California--Los Angeles--Archival resources</subject>
			<subject encodinganalog="650">Political scientists--California--Los Angeles--Archival resources</subject>
			<subject encodinganalog="650">University of California, Los Angeles--Dept. of Political Science--Faculty--Archival resources</subject>
		</controlaccess>
	 </controlaccess> 
  </archdesc> </ead>
